year,skpd,name,dpa
2013,DINAS KEBERSIHAN,Tunjangan Keluarga,"5,487,549,823"
2013,"DINAS KOMUNIKASI, INFORMATIKA Dan KEHUMASAN",Tunjangan Jabatan,"648,794,250"
2013,SATPOL PP,Tunjangan Khusus (PPh)/Tunjangan PPh,"31,815,980,208"
2013,DINAS TENAGA KERJA Dan TRANSMIGRASI,Tunjangan Keluarga,"3,466,522,231"
2013,BLUD RS Tarakan,Tunjangan Keluarga,"807,853,331"
2013,BLUD RS Pasar Rebo,Tunjangan Jabatan,"138,913,125"
2013,"DINAS KOMUNIKASI, INFORMATIKA Dan KEHUMASAN",Gaji Pokok,"12,022,712,066"
2013,Kabupaten Administrasi Kepulauan Seribu - Kep. Seribu,Tunjangan Khusus (PPh)/Tunjangan PPh,"3,996,823,099"
2013,DINAS KELAUTAN DAN PERTANIAN,Tunjangan Keluarga,"5,509,159,346"
2013,"DINAS KOPERASI, USAHA MIKRO, KECIL DAN MENENGAH, DAN PERDAGANGAN",Tunjangan Umum,"868,123,750"
2013,"DINAS KOPERASI, USAHA MIKRO, KECIL DAN MENENGAH, DAN PERDAGANGAN",Tunjangan Keluarga,"1,916,577,353"
2013,BLUD RS Pasar Rebo,Tunjangan Beras,"427,652,664"
2013,BADAN PENGELOLA KEUANGAN DAERAH,Tunjangan Jabatan,"881,675,275"
2013,DINAS PEKERJAAN UMUM,Gaji Pokok,"41,472,305,248"
2013,Kota Administrasi Jakarta Selatan,Gaji Pokok,"49,468,173,083"
2013,BLUD RS Koja,Tunjangan Beras,"533,079,420"
2013,BADAN KESATUAN BANGSA Dan POLITIK,Tunjangan Kinerja,"7,419,079,354"
2013,DINAS KESEHATAN,Tunjangan Keluarga,"16,901,119,670"
2013,DINAS PERINDUSTRIAN Dan ENERGI,Tunjangan Umum,"628,007,250"
2013,SEKRETARIAT DPRD,Tunjangan Beras,"396,683,160"
2013,BADAN PENGELOLA LINGKUNGAN HIDUP DAERAH,Pembulatan Gaji,"207,580"
2013,Kota Administrasi Jakarta Barat,Tunjangan Kinerja,"68,133,629,833"
2013,Badan Penanggulangan Bencana Daerah,Pembulatan Gaji,"16,529"
2013,DINAS TENAGA KERJA Dan TRANSMIGRASI,Tunjangan Umum,"1,099,512,375"
2013,SEKRETARIAT DAERAH,Tunjangan Kinerja,"56,486,402,559"
2013,SATPOL PP,Tunjangan Keluarga,"13,250,827,948"
2013,BADAN KEPEGAWAIAN DAERAH,Tunjangan Khusus (PPh)/Tunjangan PPh,"3,934,577,575"
2013,DINAS PENGAWASAN DAN PENERTIBAN BANGUNAN,Tunjangan Beras,"1,160,382,300"
2013,Badan Penanggulangan Bencana Daerah,Tunjangan Umum,"2,465,125"
2013,DPRD Provinsi,Uang Duka Wafat / Tewas ,"86,000,000"
2013,DINAS PERUMAHAN DAN GEDUNG PEMDA,Tunjangan Umum,"518,942,125"
2013,BADAN PERPUSTAKAAN DAN ARSIP DAERAH,Tunjangan Keluarga,"1,025,956,784"
2013,DINAS PEMADAM KEBAKARAN Dan PENANGGULANGAN BENCANA,Pembulatan Gaji,"2,553,143"
2013,BLUD RS Budhi Asih,Tunjangan Jabatan,"138,913,125"
2013,DINAS PARIWISATA DAN KEBUDAYAAN,Tunjangan Kinerja,"46,231,069,844"
2013,BADAN PENANAMAN MODAL Dan PROMOSI,Tunjangan Keluarga,"313,122,134"
2013,BADAN PENDIDIKAN Dan PELATIHAN,Tunjangan Beras,"202,191,180"
2013,DINAS PELAYANAN PAJAK,Tunjangan Keluarga,"4,182,700,653"
2013,"BADAN PEMBERDAYAAN MASYARAKAT, PEREMPUAN DAN KB",Tunjangan Fungsional,"1,705,666,625"
2013,DINAS KEBERSIHAN,Pembulatan Gaji,"845,457"
2013,BADAN KESATUAN BANGSA Dan POLITIK,Tunjangan Jabatan,"499,021,250"
2013,INSPEKTORAT,Tunjangan Jabatan,"593,628,750"
2013,BADAN PERENCANAAN PEMBANGUNAN DAERAH,Tunjangan Fungsional,"116,647,050"
2013,DINAS PERUMAHAN DAN GEDUNG PEMDA,Tunjangan Fungsional,"3,531,125"
2013,DINAS PEMADAM KEBAKARAN Dan PENANGGULANGAN BENCANA,Tunjangan Kinerja,"156,545,723,192"
2013,BADAN KESATUAN BANGSA Dan POLITIK,Tunjangan Umum,"195,744,250"
2013,DINAS PENDIDIKAN,Tunjangan Kinerja,"1,975,013,222,466"
2013,BADAN PENDIDIKAN Dan PELATIHAN,Tunjangan Keluarga,"362,654,311"
2013,Kota Administrasi Jakarta Timur,Tunjangan Khusus (PPh)/Tunjangan PPh,"21,666,436,679"
2013,BADAN PENDIDIKAN Dan PELATIHAN,Gaji Pokok,"4,017,362,192"
2013,BADAN KEPEGAWAIAN DAERAH,Tunjangan Jabatan,"617,613,750"
2013,Kota Administrasi Jakarta Selatan,Tunjangan Khusus (PPh)/Tunjangan PPh,"19,826,953,290"
2013,DINAS OLAH RAGA Dan PEMUDA,Tunjangan Kinerja,"21,737,674,000"
2013,"DINAS KOPERASI, USAHA MIKRO, KECIL DAN MENENGAH, DAN PERDAGANGAN",Tunjangan Khusus (PPh)/Tunjangan PPh,"6,574,348,691"
2013,Kabupaten Administrasi Kepulauan Seribu - Kep. Seribu,Pembulatan Gaji,"175,202"
2013,Kabupaten Administrasi Kepulauan Seribu - Kep. Seribu,Tunjangan Keluarga,"981,137,432"
2013,"BADAN PEMBERDAYAAN MASYARAKAT, PEREMPUAN DAN KB",Tunjangan Umum,"980,187,000"
2013,SEKRETARIAT DAERAH,Tunjangan Khusus (PPh)/Tunjangan PPh,"14,536,067,143"
2013,Kabupaten Administrasi Kepulauan Seribu - Kep. Seribu,Tunjangan Umum,"406,012,750"
2013,DINAS PERUMAHAN DAN GEDUNG PEMDA,Pembulatan Gaji,"238,406"
2013,SATPOL PP,Tunjangan Umum,"10,308,619,750"
2013,SEKRETARIAT DAERAH,Tunjangan Beras,"2,291,199,360"
2013,DINAS KESEHATAN,Tunjangan Khusus (PPh)/Tunjangan PPh,"58,040,159,267"
2013,DINAS PEKERJAAN UMUM,Tunjangan Beras,"2,701,018,793"
2013,BADAN KESATUAN BANGSA Dan POLITIK,Gaji Pokok,"5,299,697,324"
2013,DINAS SOSIAL,Tunjangan Jabatan,"1,844,579,750"
2013,DINAS KEBERSIHAN,Gaji Pokok,"49,369,659,439"
2013,SEKRETARIAT DPRD,Tunjangan Umum,"366,344,225"
2013,INSPEKTORAT,Pembulatan Gaji,"241,972"
2013,BADAN PENGELOLA KEUANGAN DAERAH,Tunjangan Khusus (PPh)/Tunjangan PPh,"8,473,356,057"
2013,DINAS PERHUBUNGAN,Tunjangan Beras,"3,520,911,120"
2013,Sekretariat Dewan Pengurus KORPRI Provinsi,Biaya Kematian Pegawai Negeri Sipil Daerah,"27,829,500,000"
2013,Kota Administrasi Jakarta Utara,Tunjangan Kinerja,"47,000,131,438"
2013,DINAS PEMADAM KEBAKARAN Dan PENANGGULANGAN BENCANA,Tunjangan Khusus (PPh)/Tunjangan PPh,"21,001,906,377"
2013,SEKRETARIAT DAERAH,Iuran Asuransi Kesehatan,"62,000,000,000"
2013,Kota Administrasi Jakarta Barat,Tunjangan Fungsional,"3,664,375"
2013,BLUD RS Budhi Asih,Tunjangan Khusus (PPh)/Tunjangan PPh,"2,644,267,031"
2013,BLUD RS Duren Sawit,Tunjangan Keluarga,"531,187,800"
2013,DPRD Provinsi,Tunjangan Badan Kehormatan ,"16,443,000"
2013,BLUD RS Tarakan,Gaji Pokok,"8,926,111,745"
2013,BADAN PENDIDIKAN Dan PELATIHAN,Tunjangan Jabatan,"189,614,750"
2013,Kota Administrasi Jakarta Utara,Tunjangan Beras,"1,403,166,300"
2013,Badan Penanggulangan Bencana Daerah,Gaji Pokok,"809,702,286"
2013,Kota Administrasi Jakarta Timur,Tunjangan Keluarga,"5,208,106,872"
2013,DINAS PENDIDIKAN,Tunjangan Jabatan,"3,791,828,625"
2013,DINAS PARIWISATA DAN KEBUDAYAAN,Gaji Pokok,"28,523,575,616"
2013,DINAS PELAYANAN PAJAK,Tunjangan Jabatan,"2,614,764,750"
2013,DINAS TATA RUANG DAN PERTANAHAN,Tunjangan Jabatan,"977,388,750"
2013,SEKRETARIAT DAERAH,Pembulatan Gaji,"735,053"
2013,Kota Administrasi Jakarta Selatan,Pembulatan Gaji,"891,988"
2013,Kota Administrasi Jakarta Pusat,Pembulatan Gaji,"583,582"
2013,DINAS KEBERSIHAN,Tunjangan Jabatan,"1,024,892,375"
2013,BLUD RS Koja,Pembulatan Gaji,"191,409"
2013,"DINAS KOMUNIKASI, INFORMATIKA Dan KEHUMASAN",Pembulatan Gaji,"335,614"
2013,Sekretariat Dewan Pengurus KORPRI Provinsi,Tunjangan Beras,"97,909,248"
2013,Kota Administrasi Jakarta Utara,Tunjangan Umum,"821,752,750"
2013,Kota Administrasi Jakarta Timur,Tunjangan Jabatan,"5,380,501,750"
2013,DINAS PERTAMANAN DAN PEMAKAMAN,Tunjangan Jabatan,"1,134,623,750"
2013,BADAN PENGELOLA LINGKUNGAN HIDUP DAERAH,Tunjangan Umum,"425,400,625"
2013,BADAN PERPUSTAKAAN DAN ARSIP DAERAH,Tunjangan Umum,"501,752,875"
2013,DINAS PEMADAM KEBAKARAN Dan PENANGGULANGAN BENCANA,Tunjangan Jabatan,"1,014,698,750"
2013,DINAS PERINDUSTRIAN Dan ENERGI,Pembulatan Gaji,"293,007"
2013,DINAS KESEHATAN,Tunjangan Beras,"9,932,432,100"
2013,BADAN PERENCANAAN PEMBANGUNAN DAERAH,Gaji Pokok,"10,254,469,961"
2013,DINAS PENDIDIKAN,Gaji Pokok,"1,950,432,038,192"
2013,DINAS PERHUBUNGAN,Gaji Pokok,"50,770,126,107"
2013,BADAN PERPUSTAKAAN DAN ARSIP DAERAH,Tunjangan Fungsional,"149,106,750"
2013,BADAN PENGELOLA KEUANGAN DAERAH,Tunjangan Umum,"1,505,125,375"
2013,DINAS PENDIDIKAN,Biaya Guru NIP 15,"38,436,000,000"
2013,BLUD RS Cengkareng,Tunjangan Khusus (PPh)/Tunjangan PPh,"296,373,984"
2013,Kota Administrasi Jakarta Utara,Tunjangan Khusus (PPh)/Tunjangan PPh,"10,786,494,867"
2013,"DINAS KOMUNIKASI, INFORMATIKA Dan KEHUMASAN",Tunjangan Kinerja,"16,597,601,274"
2013,"BADAN PEMBERDAYAAN MASYARAKAT, PEREMPUAN DAN KB",Tunjangan Khusus (PPh)/Tunjangan PPh,"15,379,803,201"
2013,DINAS PARIWISATA DAN KEBUDAYAAN,Pembulatan Gaji,"501,687"
2013,BADAN PENGELOLA LINGKUNGAN HIDUP DAERAH,Tunjangan Kinerja,"13,927,224,392"
2013,DINAS KEPENDUDUKAN Dan PENCATATAN SIPIL,Tunjangan Kinerja,"34,156,841,863"
2013,DINAS TATA RUANG DAN PERTANAHAN,Gaji Pokok,"14,208,983,432"
2013,DPRD Provinsi,Tunjangan Jabatan ,"3,703,590,000"
2013,BLUD RS Koja,Tunjangan Fungsional,"1,228,884,800"
2013,DINAS PERUMAHAN DAN GEDUNG PEMDA,Tunjangan Beras,"679,899,600"
2013,BLUD RS Pasar Rebo,Tunjangan Keluarga,"762,436,759"
2013,Kota Administrasi Jakarta Pusat,Tunjangan Umum,"814,757,125"
2013,DINAS TENAGA KERJA Dan TRANSMIGRASI,Tunjangan Kinerja,"51,724,900,000"
2013,Kota Administrasi Jakarta Barat,Gaji Pokok,"40,256,138,952"
2013,BLUD RS Koja,Gaji Pokok,"10,082,439,574"
2013,BLUD RS Duren Sawit,Tunjangan Kinerja,"6,644,302,000"
2013,DINAS TATA RUANG DAN PERTANAHAN,Tunjangan Umum,"648,461,125"
2013,BADAN KESATUAN BANGSA Dan POLITIK,Tunjangan Beras,"286,728,840"
2013,SEKRETARIAT DAERAH,Tunjangan Fungsional,"11,392,875"
2013,DINAS SOSIAL,Tunjangan Kinerja,"52,437,252,000"
2013,BADAN PERPUSTAKAAN DAN ARSIP DAERAH,Tunjangan Khusus (PPh)/Tunjangan PPh,"3,158,905,047"
2013,"BADAN PEMBERDAYAAN MASYARAKAT, PEREMPUAN DAN KB",Tunjangan Jabatan,"1,097,313,750"
2013,DINAS PERTAMANAN DAN PEMAKAMAN,Tunjangan Beras,"1,302,553,260"
2013,BADAN PENANAMAN MODAL Dan PROMOSI,Tunjangan Umum,"149,373,250"
2013,DINAS PENDIDIKAN,Tambahan Penghasilan Guru PNSD Profesi Non Sertifikasi,"25,608,000,000"
2013,DINAS PENDIDIKAN,Pembulatan Gaji,"28,885,282"
2013,DINAS PERINDUSTRIAN Dan ENERGI,Gaji Pokok,"14,221,343,046"
2013,"BADAN PEMBERDAYAAN MASYARAKAT, PEREMPUAN DAN KB",Tunjangan Kinerja,"67,013,147,677"
2013,Kota Administrasi Jakarta Pusat,Tunjangan Keluarga,"3,028,681,819"
2013,DINAS PERHUBUNGAN,Tunjangan Fungsional,"424,334,625"
2013,PEJABAT PENGELOLA KEUANGAN DAERAH,Belanja Bantuan Sosial Kepada Individu / Keluarga / Masyarakat (Penataan Kampung Deret),"850,338,000,000"
2013,BADAN PENGELOLA LINGKUNGAN HIDUP DAERAH,Gaji Pokok,"9,801,530,346"
2013,BLUD RS Budhi Asih,Tunjangan Kinerja,"10,182,690,000"
2013,DINAS PELAYANAN PAJAK,Tunjangan Beras,"1,926,728,580"
2013,DINAS OLAH RAGA Dan PEMUDA,Tunjangan Khusus (PPh)/Tunjangan PPh,"4,867,267,739"
2013,DINAS PEKERJAAN UMUM,Tunjangan Jabatan,"1,526,178,875"
2013,"DINAS KOMUNIKASI, INFORMATIKA Dan KEHUMASAN",Tunjangan Keluarga,"1,120,346,496"
2013,DINAS PENGAWASAN DAN PENERTIBAN BANGUNAN,Tunjangan Jabatan,"1,246,020,750"
2013,Kota Administrasi Jakarta Pusat,Tunjangan Jabatan,"3,811,083,250"
2013,DPRD Provinsi,Tunjangan PPh / Tunjangan Khusus,"469,251,684"
2013,SEKRETARIAT DPRD,Belanja Penunjang Operasional Pimpinan DPRD,"676,800,000"
2013,DINAS KEBERSIHAN,Tunjangan Umum,"2,977,471,250"
2013,Kota Administrasi Jakarta Utara,Tunjangan Keluarga,"2,543,799,627"
2013,Kota Administrasi Jakarta Pusat,Tunjangan Beras,"1,637,151,960"
2013,PEJABAT PENGELOLA KEUANGAN DAERAH,Bunga Utang Pinjaman Kepada Pemerintah,"4,353,828,000"
2013,BLUD RS Pasar Rebo,Tunjangan Khusus (PPh)/Tunjangan PPh,"2,254,897,809"
2013,"DINAS KOPERASI, USAHA MIKRO, KECIL DAN MENENGAH, DAN PERDAGANGAN",Tunjangan Fungsional,"172,292,250"
2013,PEJABAT PENGELOLA KEUANGAN DAERAH,Belanja Hibah Operasional Pendidikan (BOP),"786,486,140,000"
2013,SEKRETARIAT DPRD,Tunjangan Keluarga,"621,864,035"
2013,BLUD RS Tarakan,Tunjangan Kinerja,"8,002,876,000"
2013,BADAN PENGELOLA KEUANGAN DAERAH,Pembulatan Gaji,"489,164"
2013,DINAS KELAUTAN DAN PERTANIAN,Belanja Retribusi Daerah,"600,000,000"
2013,BADAN PENGELOLA LINGKUNGAN HIDUP DAERAH,Tunjangan Khusus (PPh)/Tunjangan PPh,"3,285,160,789"
2013,BLUD RS Koja,Tunjangan Jabatan,"138,913,125"
2013,DINAS PENGAWASAN DAN PENERTIBAN BANGUNAN,Tunjangan Keluarga,"2,021,339,747"
2013,DINAS KEBERSIHAN,Tunjangan Khusus (PPh)/Tunjangan PPh,"15,411,021,700"
2013,SEKRETARIAT DAERAH,Belanja  Penunjang Operasional KDH / WKDH,"26,670,450,000"
2013,DINAS PERUMAHAN DAN GEDUNG PEMDA,Tunjangan Keluarga,"1,276,626,183"
2013,BLUD RS Cengkareng,Tunjangan Beras,"81,704,916"
2013,Kota Administrasi Jakarta Pusat,Tunjangan Kinerja,"55,857,597,521"
2013,DINAS SOSIAL,Tunjangan Fungsional,"255,373,625"
2013,BADAN PENGELOLA KEUANGAN DAERAH,Tunjangan Keluarga,"2,483,874,901"
2013,DINAS KELAUTAN DAN PERTANIAN,Tunjangan Beras,"3,074,040,540"
2013,BADAN PERENCANAAN PEMBANGUNAN DAERAH,Tunjangan Jabatan,"666,183,375"
2013,BADAN PERPUSTAKAAN DAN ARSIP DAERAH,Gaji Pokok,"10,393,812,365"
2013,BADAN PERENCANAAN PEMBANGUNAN DAERAH,Pembulatan Gaji,"198,386"
2013,DPRD Provinsi,Tunjangan Badan Anggaran,"82,215,000"
2013,SEKRETARIAT DAERAH,Tunjangan Jabatan,"145,314,000"
2013,"BADAN PEMBERDAYAAN MASYARAKAT, PEREMPUAN DAN KB",Tunjangan Keluarga,"3,657,638,636"
2013,PEJABAT PENGELOLA KEUANGAN DAERAH,Belanja Hibah Kepada Badan / Lembaga / Organisasi Swasta,"587,955,702,500"
2013,DINAS KELAUTAN DAN PERTANIAN,Gaji Pokok,"52,977,503,100"
2013,DINAS SOSIAL,Tunjangan Keluarga,"3,352,527,072"
2013,DINAS OLAH RAGA Dan PEMUDA,Gaji Pokok,"14,203,789,986"
2013,DPRD Provinsi,Tunjangan Beras ,"173,621,760"
2013,SATPOL PP,Pembulatan Gaji,"3,651,343"
2013,DINAS PERHUBUNGAN,Tunjangan Khusus (PPh)/Tunjangan PPh,"14,251,750,610"
2013,BADAN PERENCANAAN PEMBANGUNAN DAERAH,Tunjangan Khusus (PPh)/Tunjangan PPh,"3,660,052,584"
2013,DINAS KESEHATAN,Gaji Pokok,"195,882,549,573"
2013,DINAS PENDIDIKAN,Tambahan Penghasilan Guru PNSD Profesi Sertifikasi,"1,026,844,433,000"
2013,DINAS PARIWISATA DAN KEBUDAYAAN,Tunjangan Beras,"1,535,533,200"
2013,PEJABAT PENGELOLA KEUANGAN DAERAH,Belanja Bantuan Sosial Kepada Organisasi Sosial Kemasyarakatan,"17,634,500,000"
2013,SATPOL PP,Gaji Pokok,"123,709,182,740"
2013,BLUD RS Koja,Tunjangan Umum,"149,972,875"
2013,DINAS PENGAWASAN DAN PENERTIBAN BANGUNAN,Pembulatan Gaji,"409,736"
2013,DINAS KELAUTAN DAN PERTANIAN,Pembulatan Gaji,"990,403"
2013,"DINAS KOMUNIKASI, INFORMATIKA Dan KEHUMASAN",Tunjangan Umum,"611,417,625"
2013,SATPOL PP,Tunjangan Beras,"9,816,888,120"
2013,DINAS TENAGA KERJA Dan TRANSMIGRASI,Tunjangan Fungsional,"1,035,445,775"
2013,Sekretariat Dewan Pengurus KORPRI Provinsi,Gaji Pokok,"2,245,882,246"
2013,BLUD RS Duren Sawit,Tunjangan Umum,"166,562,500"
2013,PEJABAT PENGELOLA KEUANGAN DAERAH,Belanja Bantuan Sosial Tidak Terprogram,"13,166,520,000"
2013,BADAN PENDIDIKAN Dan PELATIHAN,Tunjangan Umum,"173,624,750"
2013,Kota Administrasi Jakarta Barat,Tunjangan Beras,"2,153,012,520"
2013,DINAS PERTAMANAN DAN PEMAKAMAN,Tunjangan Keluarga,"2,312,583,369"
2013,PEJABAT PENGELOLA KEUANGAN DAERAH,Belanja Hibah Dana BOS ke SD/SDLB,"382,759,400,000"
2013,Kota Administrasi Jakarta Timur,Tunjangan Beras,"2,873,079,840"
2013,BLUD RS Cengkareng,Tunjangan Umum,"43,772,625"
2013,DINAS TENAGA KERJA Dan TRANSMIGRASI,Gaji Pokok,"34,974,959,033"
2013,BADAN PENANAMAN MODAL Dan PROMOSI,Tunjangan Khusus (PPh)/Tunjangan PPh,"1,128,873,980"
2013,Kota Administrasi Jakarta Selatan,Tunjangan Beras,"2,487,388,560"
2013,Sekretariat Dewan Pengurus KORPRI Provinsi,Tunjangan Jabatan,"344,651,125"
2013,Kota Administrasi Jakarta Selatan,Tunjangan Umum,"1,300,653,250"
2013,DPRD Provinsi,Uang Paket ,"255,420,000"
2013,DINAS PERINDUSTRIAN Dan ENERGI,Tunjangan Kinerja,"24,131,029,068"
2013,DINAS OLAH RAGA Dan PEMUDA,Tunjangan Beras,"755,831,220"
2013,DINAS TATA RUANG DAN PERTANAHAN,Tunjangan Khusus (PPh)/Tunjangan PPh,"4,904,561,239"
2013,BLUD RS Tarakan,Pembulatan Gaji,"156,986"
2013,DINAS TATA RUANG DAN PERTANAHAN,Tunjangan Keluarga,"1,314,405,757"
2013,DPRD Provinsi,Tunjangan Komisi ,"158,949,000"
2013,Sekretariat Dewan Pengurus KORPRI Provinsi,Tunjangan Khusus (PPh)/Tunjangan PPh,"948,331,349"
2013,Kota Administrasi Jakarta Selatan,Tunjangan Keluarga,"4,522,723,594"
2013,BLUD RS Budhi Asih,Tunjangan Keluarga,"1,014,544,909"
2013,Kota Administrasi Jakarta Pusat,Gaji Pokok,"32,178,783,229"
2013,DPRD Provinsi,Uang Representasi ,"2,554,200,000"
2013,BLUD RS Budhi Asih,Tunjangan Beras,"598,419,600"
2013,DINAS PERHUBUNGAN,Pembulatan Gaji,"1,195,318"
2013,DINAS PARIWISATA DAN KEBUDAYAAN,Tunjangan Khusus (PPh)/Tunjangan PPh,"10,242,495,132"
2013,DINAS TATA RUANG DAN PERTANAHAN,Pembulatan Gaji,"283,094"
2013,DINAS KEPENDUDUKAN Dan PENCATATAN SIPIL,Tunjangan Jabatan,"927,020,250"
2013,"DINAS KOPERASI, USAHA MIKRO, KECIL DAN MENENGAH, DAN PERDAGANGAN",Pembulatan Gaji,"302,057"
2013,Kota Administrasi Jakarta Timur,Pembulatan Gaji,"979,420"
2013,BADAN PENANAMAN MODAL Dan PROMOSI,Gaji Pokok,"3,195,053,840"
2013,DINAS SOSIAL,Gaji Pokok,"35,134,660,411"
2013,BADAN PENGELOLA LINGKUNGAN HIDUP DAERAH,Tunjangan Fungsional,"155,236,250"
2013,BADAN PERENCANAAN PEMBANGUNAN DAERAH,Tunjangan Beras,"549,779,280"
2013,BADAN PERENCANAAN PEMBANGUNAN DAERAH,Tunjangan Keluarga,"978,853,943"
2013,Sekretariat Dewan Pengurus KORPRI Provinsi,Pembulatan Gaji,"37,615"
2013,BADAN KEPEGAWAIAN DAERAH,Biaya Kematian Pegawai Negeri Sipil Daerah,"21,996,000,000"
2013,PEJABAT PENGELOLA KEUANGAN DAERAH,Belanja Bantuan Keuangan Kepada Kabupaten / Kota,"45,000,000,000"
2013,Kota Administrasi Jakarta Barat,Tunjangan Jabatan,"4,440,289,750"
2013,DINAS TATA RUANG DAN PERTANAHAN,Tunjangan Kinerja,"20,806,831,372"
2013,DINAS PERINDUSTRIAN Dan ENERGI,Tunjangan Beras,"741,795,660"
2013,BADAN KEPEGAWAIAN DAERAH,Tunjangan Keluarga,"2,565,502,870"
2013,SEKRETARIAT DAERAH,Tunjangan Umum,"2,075,968,375"
2013,Kota Administrasi Jakarta Utara,Tunjangan Jabatan,"2,956,417,750"
2013,Kabupaten Administrasi Kepulauan Seribu - Kep. Seribu,Tunjangan Beras,"578,038,020"
2013,DINAS PERTAMANAN DAN PEMAKAMAN,Pembulatan Gaji,"422,074"
2013,DINAS SOSIAL,Tunjangan Beras,"2,082,054,720"
2013,BADAN PENGELOLA KEUANGAN DAERAH,Gaji Pokok,"27,343,319,418"
2013,BLUD RS Duren Sawit,Pembulatan Gaji,"137,580"
2013,BLUD RS Tarakan,Tunjangan Fungsional,"1,085,641,050"
2013,DINAS KEPENDUDUKAN Dan PENCATATAN SIPIL,Tunjangan Umum,"1,263,210,000"
2013,DINAS TENAGA KERJA Dan TRANSMIGRASI,Tunjangan Jabatan,"1,220,969,750"
2013,DINAS SOSIAL,Pembulatan Gaji,"701,590"
2013,BADAN PENANAMAN MODAL Dan PROMOSI,Tunjangan Beras,"171,500,280"
2013,BLUD RS Cengkareng,Gaji Pokok,"1,468,886,000"
2013,DPRD Provinsi,Tunjangan Badan Musyawarah,"82,215,000"
2013,Badan Penanggulangan Bencana Daerah,Tunjangan Kinerja,"1,721,058,875"
2013,DINAS PEMADAM KEBAKARAN Dan PENANGGULANGAN BENCANA,Tunjangan Keluarga,"9,475,965,988"
2013,BADAN PERENCANAAN PEMBANGUNAN DAERAH,Tunjangan Umum,"457,380,625"
2013,DINAS SOSIAL,Tunjangan Umum,"1,790,147,125"
2013,DINAS KEPENDUDUKAN Dan PENCATATAN SIPIL,Pembulatan Gaji,"445,741"
2013,INSPEKTORAT,Tunjangan Fungsional,"2,242,530,875"
2013,DINAS PEMADAM KEBAKARAN Dan PENANGGULANGAN BENCANA,Tunjangan Beras,"6,306,800,760"
2013,SEKRETARIAT DPRD,Tunjangan Kinerja,"7,860,013,348"
2013,BADAN PENGELOLA KEUANGAN DAERAH,Tunjangan Kinerja,"40,348,453,800"
2013,INSPEKTORAT,Tunjangan Umum,"480,299,625"
2013,Sekretariat Dewan Pengurus KORPRI Provinsi,Tunjangan Keluarga,"197,343,567"
2013,BLUD RS Budhi Asih,Tunjangan Umum,"233,187,500"
2013,DPRD Provinsi,Tunjangan Keluarga,"357,588,000"
2013,DINAS SOSIAL,Tunjangan Khusus (PPh)/Tunjangan PPh,"10,831,668,235"
2013,SATPOL PP,Tunjangan Kinerja,"187,664,761,194"
2013,BADAN KESATUAN BANGSA Dan POLITIK,Tunjangan Khusus (PPh)/Tunjangan PPh,"1,981,510,891"
2013,Kabupaten Administrasi Kepulauan Seribu - Kep. Seribu,Tunjangan Kinerja,"19,007,288,932"
2013,DINAS PERUMAHAN DAN GEDUNG PEMDA,Tunjangan Jabatan,"977,388,750"
2013,DINAS PENDIDIKAN,Tunjangan Keluarga,"170,632,004,670"
2013,BLUD RS Cengkareng,Tunjangan Fungsional,"88,278,125"
2013,Kabupaten Administrasi Kepulauan Seribu - Kep. Seribu,Gaji Pokok,"9,396,155,490"
2013,Badan Penanggulangan Bencana Daerah,Tunjangan Keluarga,"96,159,942"
2013,DINAS PENDIDIKAN,Tunjangan Khusus (PPh)/Tunjangan PPh,"541,936,893,844"
2013,DINAS PERINDUSTRIAN Dan ENERGI,Tunjangan Jabatan,"1,019,495,750"
2013,DINAS OLAH RAGA Dan PEMUDA,Tunjangan Keluarga,"1,428,983,728"
2013,DINAS PEKERJAAN UMUM,Pembulatan Gaji,"873,260"
2013,DINAS KESEHATAN,Tunjangan Fungsional,"18,918,309,196"
2013,DINAS PELAYANAN PAJAK,Biaya Pemungutan PBB,"108,000,000,000"
2013,BLUD RS Budhi Asih,Pembulatan Gaji,"191,513"
2013,DINAS PELAYANAN PAJAK,Tunjangan Khusus (PPh)/Tunjangan PPh,"1,530,127,868"
2013,BADAN PERPUSTAKAAN DAN ARSIP DAERAH,Tunjangan Jabatan,"481,832,000"
2013,BADAN PENANAMAN MODAL Dan PROMOSI,Tunjangan Kinerja,"5,272,500,000"
2013,BADAN PENGELOLA LINGKUNGAN HIDUP DAERAH,Tunjangan Keluarga,"949,012,164"
2013,DINAS PEMADAM KEBAKARAN Dan PENANGGULANGAN BENCANA,Gaji Pokok,"90,989,761,800"
2013,"DINAS KOMUNIKASI, INFORMATIKA Dan KEHUMASAN",Tunjangan Beras,"624,004,440"
2013,Kota Administrasi Jakarta Utara,Gaji Pokok,"26,874,688,582"
2013,DINAS PERINDUSTRIAN Dan ENERGI,Tunjangan Keluarga,"1,338,140,222"
2013,SEKRETARIAT DPRD,Gaji Pokok,"5,924,131,156"
2013,"BADAN PEMBERDAYAAN MASYARAKAT, PEREMPUAN DAN KB",Gaji Pokok,"40,375,994,678"
2013,BADAN PENDIDIKAN Dan PELATIHAN,Tunjangan Kinerja,"4,997,031,792"
2013,PEJABAT PENGELOLA KEUANGAN DAERAH,Belanja Tidak Terduga,"108,447,670,000"
2013,BLUD RS Tarakan,Tunjangan Khusus (PPh)/Tunjangan PPh,"2,170,090,118"
2013,BADAN PENGELOLA KEUANGAN DAERAH,Belanja Retribusi Daerah,"10,000,000,000"
2013,BADAN PERENCANAAN PEMBANGUNAN DAERAH,Tunjangan Kinerja,"15,085,285,780"
2013,DINAS KESEHATAN,Tunjangan Jabatan,"1,364,080,250"
2013,DINAS KESEHATAN,Tunjangan Umum,"5,021,526,250"
2013,DINAS PENDIDIKAN,Tunjangan Beras,"83,890,692,168"
2013,BLUD RS Cengkareng,Tunjangan Jabatan,"168,761,125"
2013,DINAS PEMADAM KEBAKARAN Dan PENANGGULANGAN BENCANA,Tunjangan Fungsional,"3,198,000"
2013,DINAS PEMADAM KEBAKARAN Dan PENANGGULANGAN BENCANA,Tunjangan Umum,"7,127,542,500"
2013,Kota Administrasi Jakarta Barat,Tunjangan Keluarga,"4,039,378,123"
2013,Kota Administrasi Jakarta Barat,Tunjangan Khusus (PPh)/Tunjangan PPh,"15,917,972,865"
2013,DINAS PENGAWASAN DAN PENERTIBAN BANGUNAN,Tunjangan Khusus (PPh)/Tunjangan PPh,"6,940,319,855"
2013,DINAS PERHUBUNGAN,Tunjangan Keluarga,"5,553,424,307"
2013,"DINAS KOPERASI, USAHA MIKRO, KECIL DAN MENENGAH, DAN PERDAGANGAN",Tunjangan Jabatan,"784,576,000"
2013,BLUD RS Budhi Asih,Gaji Pokok,"11,248,675,288"
2013,DINAS KEBERSIHAN,Tunjangan Beras,"3,064,459,740"
2013,BADAN KEPEGAWAIAN DAERAH,Tunjangan Umum,"1,723,655,375"
2013,PEJABAT PENGELOLA KEUANGAN DAERAH,Belanja Bantuan Sosial Kepada Individu / Siswa (Biaya Personal Siswa Miskin),"670,529,240,000"
2013,BADAN PENDIDIKAN Dan PELATIHAN,Pembulatan Gaji,"68,054"
2013,DINAS PEKERJAAN UMUM,Tunjangan Khusus (PPh)/Tunjangan PPh,"15,531,966,527"
2013,BADAN PENGELOLA LINGKUNGAN HIDUP DAERAH,Tunjangan Jabatan,"603,222,750"
2013,DINAS OLAH RAGA Dan PEMUDA,Tunjangan Jabatan,"1,249,751,750"
2013,INSPEKTORAT,Tunjangan Beras,"717,759,240"
2013,SEKRETARIAT DAERAH,Gaji Pokok,"80,730,000"
2013,DINAS PELAYANAN PAJAK,Pembulatan Gaji,"1,370,236"
2013,Badan Penanggulangan Bencana Daerah,Tunjangan Jabatan,"206,404,250"
2013,BLUD RS Tarakan,Tunjangan Umum,"156,169,000"
2013,BLUD RS Koja,Tunjangan Keluarga,"926,138,095"
2013,DINAS PELAYANAN PAJAK,Tunjangan Umum,"1,945,036,925"
2013,DINAS TENAGA KERJA Dan TRANSMIGRASI,Pembulatan Gaji,"609,522"
2013,DINAS PENDIDIKAN,Tunjangan Umum,"19,714,004,375"
2013,DINAS PERUMAHAN DAN GEDUNG PEMDA,Gaji Pokok,"12,489,731,456"
2013,BLUD RS Koja,Tunjangan Khusus (PPh)/Tunjangan PPh,"2,368,555,542"
2013,BLUD RS Duren Sawit,Tunjangan Jabatan,"159,433,625"
2013,Kota Administrasi Jakarta Barat,Pembulatan Gaji,"696,568"
2013,DINAS KELAUTAN DAN PERTANIAN,Tunjangan Fungsional,"693,766,125"
2013,Sekretariat Dewan Pengurus KORPRI Provinsi,Tunjangan Kinerja,"3,339,493,771"
2013,DINAS PERHUBUNGAN,Tunjangan Umum,"3,158,224,875"
2013,DINAS TENAGA KERJA Dan TRANSMIGRASI,Tunjangan Khusus (PPh)/Tunjangan PPh,"12,019,208,260"
2013,"DINAS KOPERASI, USAHA MIKRO, KECIL DAN MENENGAH, DAN PERDAGANGAN",Tunjangan Kinerja,"27,605,133,284"
2013,DPRD Provinsi,Tunjangan Perumahan ,"17,220,000,000"
2013,DINAS PERUMAHAN DAN GEDUNG PEMDA,Tunjangan Khusus (PPh)/Tunjangan PPh,"4,271,554,652"
2013,INSPEKTORAT,Gaji Pokok,"13,777,967,918"
2013,DINAS PERTAMANAN DAN PEMAKAMAN,Tunjangan Kinerja,"27,640,460,000"
2013,BLUD RS Cengkareng,Tunjangan Keluarga,"158,631,540"
2013,BLUD RS Duren Sawit,Tunjangan Khusus (PPh)/Tunjangan PPh,"1,384,631,677"
2013,BADAN PENANAMAN MODAL Dan PROMOSI,Pembulatan Gaji,"61,124"
2013,Sekretariat Dewan Pengurus KORPRI Provinsi,Tunjangan Umum,"26,983,125"
2013,Kabupaten Administrasi Kepulauan Seribu - Kep. Seribu,Tunjangan Jabatan,"979,387,500"
2013,DINAS KEBERSIHAN,Tunjangan Kinerja,"59,206,600,000"
2013,DINAS PEKERJAAN UMUM,Tunjangan Keluarga,"4,377,322,367"
2013,BLUD RS Budhi Asih,Tunjangan Fungsional,"1,203,020,975"
2013,BADAN KEPEGAWAIAN DAERAH,Pembulatan Gaji,"531,591"
2013,DINAS PERINDUSTRIAN Dan ENERGI,Tunjangan Khusus (PPh)/Tunjangan PPh,"4,698,225,912"
2013,BADAN PENDIDIKAN Dan PELATIHAN,Tunjangan Khusus (PPh)/Tunjangan PPh,"1,342,502,507"
2013,BADAN KEPEGAWAIAN DAERAH,Gaji Pokok,"22,164,538,553"
2013,Kota Administrasi Jakarta Timur,Tunjangan Umum,"1,614,457,000"
2013,DINAS KESEHATAN,Tunjangan Kinerja,"246,759,260,575"
2013,DINAS KELAUTAN DAN PERTANIAN,Tunjangan Khusus (PPh)/Tunjangan PPh,"16,918,122,170"
2013,BADAN PENGELOLA LINGKUNGAN HIDUP DAERAH,Tunjangan Beras,"584,751,414"
2013,SEKRETARIAT DPRD,Tunjangan Khusus (PPh)/Tunjangan PPh,"1,800,944,413"
2013,DINAS OLAH RAGA Dan PEMUDA,Tunjangan Umum,"522,140,125"
2013,BLUD RS Cengkareng,Pembulatan Gaji,"27,664"
2013,DINAS KEPENDUDUKAN Dan PENCATATAN SIPIL,Tunjangan Khusus (PPh)/Tunjangan PPh,"8,550,133,188"
2013,BLUD RS Pasar Rebo,Tunjangan Fungsional,"1,076,853,213"
2013,BADAN PERPUSTAKAAN DAN ARSIP DAERAH,Tunjangan Beras,"606,332,016"
2013,DINAS KELAUTAN DAN PERTANIAN,Tunjangan Jabatan,"1,812,066,750"
2013,PEJABAT PENGELOLA KEUANGAN DAERAH,Belanja Hibah Dana BOS ke SMP/SMPLB/SMPT/SATAP,"190,903,382,500"
2013,Badan Penanggulangan Bencana Daerah,Tunjangan Beras,"43,531,428"
2013,Kota Administrasi Jakarta Pusat,Tunjangan Khusus (PPh)/Tunjangan PPh,"13,090,309,404"
2013,BADAN KESATUAN BANGSA Dan POLITIK,Tunjangan Keluarga,"519,658,093"
2013,DINAS PERTAMANAN DAN PEMAKAMAN,Gaji Pokok,"22,923,158,866"
2013,DPRD Provinsi,Tunjangan Alat Kelengkapan Lainnya,"679,950,876"
2013,DINAS PENGAWASAN DAN PENERTIBAN BANGUNAN,Tunjangan Kinerja,"29,457,732,832"
2013,"DINAS KOPERASI, USAHA MIKRO, KECIL DAN MENENGAH, DAN PERDAGANGAN",Gaji Pokok,"20,296,434,902"
2013,INSPEKTORAT,Tunjangan Kinerja,"22,123,304,294"
2013,DINAS PEKERJAAN UMUM,Tunjangan Umum,"2,370,650,750"
2013,SEKRETARIAT DPRD,Pembulatan Gaji,"111,117"
2013,BADAN KEPEGAWAIAN DAERAH,Tunjangan Kinerja,"25,057,053,161"
2013,DINAS KESEHATAN,Pembulatan Gaji,"3,413,198"
2013,PEJABAT PENGELOLA KEUANGAN DAERAH,Belanja Hibah Kepada Kelompok / Anggota Masyarakat,"75,150,000,000"
2013,BADAN KEPEGAWAIAN DAERAH,Tunjangan Fungsional,"64,626,250"
2013,DINAS PELAYANAN PAJAK,Gaji Pokok,"40,507,127,459"
2013,DINAS PERTAMANAN DAN PEMAKAMAN,Tunjangan Umum,"1,176,464,250"
2013,BLUD RS Pasar Rebo,Tunjangan Kinerja,"8,000,426,000"
2013,DINAS PEKERJAAN UMUM,Tunjangan Kinerja,"53,317,673,624"
2013,Kota Administrasi Jakarta Timur,Tunjangan Kinerja,"87,121,238,375"
2013,BLUD RS Duren Sawit,Gaji Pokok,"5,076,939,382"
2013,DINAS PERTAMANAN DAN PEMAKAMAN,Tunjangan Khusus (PPh)/Tunjangan PPh,"7,152,838,023"
2013,BLUD RS Pasar Rebo,Tunjangan Umum,"107,266,250"
2013,DINAS PERUMAHAN DAN GEDUNG PEMDA,Tunjangan Kinerja,"16,773,742,136"
2013,DPRD Provinsi,Tunjangan Komunikasi Intensif Pimpinan dan Anggota DPRD,"10,152,000,000"
2013,Kota Administrasi Jakarta Timur,Gaji Pokok,"54,686,780,207"
2013,DINAS TENAGA KERJA Dan TRANSMIGRASI,Tunjangan Beras,"1,714,722,360"
2013,Badan Penanggulangan Bencana Daerah,Tunjangan Khusus (PPh)/Tunjangan PPh,"444,669,920"
2013,INSPEKTORAT,Tunjangan Keluarga,"1,361,234,667"
2013,DINAS KEPENDUDUKAN Dan PENCATATAN SIPIL,Gaji Pokok,"25,310,081,659"
2013,BLUD RS Duren Sawit,Tunjangan Fungsional,"524,671,875"
2013,DINAS PARIWISATA DAN KEBUDAYAAN,Tunjangan Jabatan,"2,208,418,875"
2013,DINAS PELAYANAN PAJAK,Tunjangan Kinerja,"2,727,500,000"
2013,Sekretariat Dewan Pengurus KORPRI Provinsi,Tunjangan Fungsional,"3,531,125"
2013,BADAN PERPUSTAKAAN DAN ARSIP DAERAH,Tunjangan Kinerja,"17,016,602,812"
2013,BADAN PENANAMAN MODAL Dan PROMOSI,Tunjangan Jabatan,"251,975,750"
2013,DINAS PENGAWASAN DAN PENERTIBAN BANGUNAN,Gaji Pokok,"20,089,305,005"
2013,BLUD RS Tarakan,Tunjangan Jabatan,"138,913,125"
2013,DINAS KEPENDUDUKAN Dan PENCATATAN SIPIL,Tunjangan Keluarga,"2,299,407,845"
2013,BADAN PERPUSTAKAAN DAN ARSIP DAERAH,Pembulatan Gaji,"244,323"
2013,DINAS TATA RUANG DAN PERTANAHAN,Tunjangan Beras,"724,531,452"
2013,DINAS PENDIDIKAN,Tunjangan Fungsional,"130,593,674,575"
2013,INSPEKTORAT,Tunjangan Khusus (PPh)/Tunjangan PPh,"5,134,122,968"
2013,BADAN KEPEGAWAIAN DAERAH,Tunjangan Beras,"2,020,614,060"
2013,DINAS KELAUTAN DAN PERTANIAN,Tunjangan Umum,"2,380,378,000"
2013,SEKRETARIAT DAERAH,Tunjangan Keluarga,"9,688,000"
2013,DINAS PERHUBUNGAN,Tunjangan Kinerja,"70,452,313,108"
2013,DINAS KELAUTAN DAN PERTANIAN,Tunjangan Kinerja,"75,221,573,536"
2013,Kota Administrasi Jakarta Pusat,Tunjangan Fungsional,"2,438,475"
2013,DINAS PELAYANAN PAJAK,Biaya Pemungutan Pajak Daerah,"454,884,164,586"
2013,BLUD RS Duren Sawit,Tunjangan Beras,"316,317,756"
2013,BADAN PENDIDIKAN Dan PELATIHAN,Tunjangan Fungsional,"138,246,875"
2013,Kota Administrasi Jakarta Selatan,Tunjangan Jabatan,"5,287,999,600"
2013,BLUD RS Pasar Rebo,Pembulatan Gaji,"142,785"
2013,DINAS OLAH RAGA Dan PEMUDA,Pembulatan Gaji,"261,158"
2013,DINAS KEPENDUDUKAN Dan PENCATATAN SIPIL,Tunjangan Beras,"1,223,560,296"
2013,"DINAS KOMUNIKASI, INFORMATIKA Dan KEHUMASAN",Tunjangan Khusus (PPh)/Tunjangan PPh,"3,834,260,247"
2013,DINAS PERHUBUNGAN,Tunjangan Jabatan,"886,845,375"
2013,Kota Administrasi Jakarta Selatan,Tunjangan Kinerja,"82,287,396,958"
2013,BLUD RS Tarakan,Tunjangan Beras,"466,242,660"
2013,"DINAS KOPERASI, USAHA MIKRO, KECIL DAN MENENGAH, DAN PERDAGANGAN",Tunjangan Beras,"945,641,640"
2013,"BADAN PEMBERDAYAAN MASYARAKAT, PEREMPUAN DAN KB",Tunjangan Beras,"1,975,342,980"
2013,DINAS PARIWISATA DAN KEBUDAYAAN,Tunjangan Umum,"1,154,877,750"
2013,BADAN PENGELOLA KEUANGAN DAERAH,Tunjangan Beras,"1,441,990,368"
2013,"BADAN PEMBERDAYAAN MASYARAKAT, PEREMPUAN DAN KB",Pembulatan Gaji,"685,349"
2013,DINAS PENGAWASAN DAN PENERTIBAN BANGUNAN,Tunjangan Umum,"1,023,559,875"
2013,BLUD RS Cengkareng,Tunjangan Kinerja,"1,315,944,000"
2013,BADAN KESATUAN BANGSA Dan POLITIK,Pembulatan Gaji,"98,487"
2013,SEKRETARIAT DPRD,Tunjangan Jabatan,"235,186,250"
2013,Kota Administrasi Jakarta Barat,Tunjangan Umum,"1,047,478,250"
2013,BADAN KEPEGAWAIAN DAERAH,Tunjangan Penghargaan Pegawai,"81,334,750,000"
2013,BLUD RS Koja,Tunjangan Kinerja,"9,028,838,000"
2013,BLUD RS Pasar Rebo,Gaji Pokok,"9,553,512,254"
2013,SATPOL PP,Tunjangan Jabatan,"931,817,250"
2013,PEJABAT PENGELOLA KEUANGAN DAERAH,Belanja Bantuan Keuangan Kepada Partai Politik,"1,350,000,000"
2013,Kota Administrasi Jakarta Utara,Pembulatan Gaji,"484,002"
2013,DINAS PARIWISATA DAN KEBUDAYAAN,Tunjangan Keluarga,"2,806,918,916"
